Work Item Type,Title,Priority
Issue,Describe Timer unit counter Block UVM Environment",1
Issue,Describe uvme_tcounter_b_fix_stim_seq_c::body(),1
Issue,Implement uvme_tcounter_b_fix_stim_seq_c::body(),1
Issue,Describe uvme_tcounter_b_fix_ill_stim_seq_c::body(),1
Issue,Implement uvme_tcounter_b_fix_ill_stim_seq_c::body(),1
Issue,Implement illegal stimulus sequence item constraint for uvme_tcounter_b_rand_ill_stim_seq_c,1
Issue,Implement or remove uvme_tcounter_b_cfg_c::rules_cons,1
Issue,Complete uvme_tcounter_b_cfg_c scoreboard logging configuration,1
Issue,Implement uvme_tcounter_b_cfg_c::post_randomize() or remove altogether,1
Issue,Implement tcounter_b_cfg_cg,1
Issue,Implement tcounter_b_cntxt_cg,1
Issue,Implement tcounter_b_seq_item_cg,1
Issue,Implement tcounter_b_in_mon_trn_cg,1
Issue,Implement tcounter_b_out_mon_trn_cg,1
Issue,Implement tcounter_b_cp_seq_item_cg,1
Issue,Implement tcounter_b_dpi_seq_item_cg,1
Issue,Implement tcounter_b_dpo_seq_item_cg,1
Issue,Implement tcounter_b_cp_mon_trn_cg,1
Issue,Implement tcounter_b_dpi_mon_trn_cg,1
Issue,Implement tcounter_b_dpo_mon_trn_cg,1
Issue,Describe uvme_tcounter_b_prd_c::predict(),1
Issue,Implement uvme_tcounter_b_prd_c::predict(),1
